Episode,DQN Loss,Mean Episode Rewards
1000,0.007974023,-0.56
2000,0.000376478,-0.49